{"(1, 1, 0, 1)": [70.98068976247214, 2.6234878567940374, 6.260977076105996, 9.52630916869074, 6.338780667618406, 4.265767028580503, 6.2358550797264565], "(2, 1, 0, 1)": [209.74372240420809, 18.67698391949674, 20.69090781832644, 0, 45.32507756019529, 61.01278525913165, 28.86213027455768], "(2, 1, 1, 1)": [271.03435260237296, 147.4917831953093, 107.27433969319476, 113.20194575773567, 40.06076079805338, 91.28181756270507, 127.64906521412374], "(3, 1, 0, 1)": [198.41897326493094, 0, 94.69348671772768, 102.22851850927213, 0, 0, 0], "(3, 1, 1, 1)": [236.85157015799174, 0, 0, 89.16962417272597, 0, 143.27632066260068, 115.22893905455345], "(4, 1, 1, 1)": [219.18692647421136, 0, 0, 0, 0, 0, 119.09656444585711], "(2, 2, 1, 1)": [317.94352792199635, 0, 0, 0, 0, 0, 0], "(3, 2, 1, 1)": [308.4057967221095, 0, 92.53351729644069, 115.48364851217694, 125.13607950643052, 0, 0], "(3, 2, 1, 2)": [730.209884084934, 461.2566075591609, 455.1496399405236, 410.42159603793993, 119.15606615225838, 416.77603890635453, 292.2944714099074], "(3, 1, 1, 2)": [360.00634424232993, 0, 0, 0, 0, 0, 0], "(2, 2, 1, 2)": [662.8702740464598, 356.2219975323534, 402.31965121241717, 311.8064954920456, 321.8631514396131, 141.59117008225041, 0], "(2, 1, 1, 2)": [386.10501252590643, 119.91927238836512, 0, 0, 0, 0, 0], "(3, 1, 0, 2)": [376.58209274804574, 143.02429497298905, 0, 0, 0, 0, 0], "(4, 2, 1, 2)": [731.8757560185909, 350.39032980064167, 306.30514501846505, 392.37659609516317, 0, 0, 421.0160964830879], "(4, 1, 1, 2)": [343.50229975054054, 136.32523147150744, 176.20712360144668, 0, 0, 0, 116.07143575579913], "(2, 3, 1, 2)": [1055.2508702844261, 0, 0, 0, 0, 0, 0], "(3, 3, 1, 2)": [717.2698425504323, 452.57728941785524, 710.88778030997, 0, 1107.0192199732799, 343.12213695713297, 0], "(3, 2, 0, 2)": [589.9159875687596, 0, 0, 0, 0, 0, 121.31310607954576], "(4, 3, 1, 2)": [642.902970856819, 513.9571154277139, 1287.5742320545805, 719.7755905491613, 0, 380.74115417582334, 0], "(4, 2, 2, 2)": [568.7975240926049, 0, 0, 129.3217383618374, 0, 0, 0], "(4, 1, 2, 2)": [288.69210426436365, 0, 0, 0, 0, 0, 0], "(4, 4, 2, 2)": [2069.102955510885, 0, 1442.399911816634, 693.2660700979474, 0, 583.9757092114636, 0], "(4, 3, 2, 2)": [1345.0882381594452, 264.778269077599, 0, 0, 0, 0, 0], "(3, 4, 1, 2)": [1236.3902618992356, 0, 287.6631305801255, 838.9517749246759, 1344.8994899457991, 1921.475212986329, 0], "(4, 5, 2, 2)": [3223.1546030565446, 0, 0, 1454.791345183746, 0, 1041.3541538580528, 0], "(4, 4, 1, 2)": [1998.1180965833141, 1007.3222456601326, 0, 0, 618.5069982960504, 878.833785583821, 842.618120217722], "(3, 5, 1, 2)": [2461.3829785911676, 0, 823.6501122897263, 562.4637558208443, 0, 0, 882.3002635748553], "(4, 6, 2, 2)": [3975.93930782408, 0, 0, 1371.4019642196158, 0, 0, 0], "(4, 5, 1, 2)": [2597.054078054199, 0, 1205.574899191653, 0, 1288.2795492242615, 1076.5705615379518, 0], "(3, 6, 1, 2)": [4194.652357409588, 0, 0, 0, 1976.1372651035945, 2210.3574796222306, 0], "(4, 7, 2, 2)": [6789.735352923865, 0, 0, 0, 0, 0, 0], "(3, 8, 1, 2)": [9652.319843519454, 0, 0, 0, 0, 0, 0], "(3, 7, 1, 2)": [6495.0235817923785, 0, 3543.3053265236763, 0, 0, 0, 0], "(4, 6, 1, 2)": [4456.931838028355, 2172.6880194794453, 2288.217515067481, 3586.3095877921933, 0, 1574.4466763664277, 0], "(4, 3, 3, 2)": [445.32327052903366, 0, 0, 0, 0, 0, 0], "(4, 2, 3, 2)": [0, 0, 0, 0, 0, 0, 0], "(4, 1, 3, 2)": [0, 0, 0, 0, 0, 0, 0], "(4, 7, 1, 2)": [6445.71792609005, 0, 0, 0, 0, 0, 0], "(4, 8, 3, 2)": [17615.08092797969, 0, 0, 4671.238782883433, 0, 0, 0], "(4, 7, 3, 2)": [6566.894770493289, 0, 0, 0, 0, 0, 0], "(4, 6, 3, 2)": [4637.878762993931, 0, 0, 0, 0, 0, 0], "(4, 5, 3, 2)": [3469.286997746695, 0, 0, 0, 0, 0, 0], "(4, 4, 3, 2)": [2062.001279534063, 0, 0, 0, 0, 0, 0], "(4, 8, 2, 2)": [10625.829648201212, 0, 1678.5480567148468, 0, 3461.1991578946618, 2122.8467076470233, 0], "(3, 6, 2, 2)": [0, 0, 0, 0, 0, 0, 5939.554258860158], "(3, 5, 2, 2)": [3244.360089133457, 0, 0, 0, 0, 974.4123517414321, 0], "(3, 4, 2, 2)": [2375.202183414612, 0, 729.9812499667427, 0, 726.9247101254474, 335.8261611984406, 0], "(3, 3, 2, 2)": [1213.3389187897585, 270.4836729487543, 0, 0, 0, 268.04975837815033, 0], "(3, 2, 2, 2)": [613.2448010999474, 0, 0, 0, 0, 0, 0], "(3, 1, 2, 2)": [253.4077277335289, 0, 0, 0, 0, 0, 0], "(4, 8, 2, 3)": [20197.20825749617, 14802.448637789774, 16242.763858673537, 20661.0322372752, 93446.72242698024, 14000.170120171328, 14692.371911028551], "(4, 7, 2, 3)": [6828.057576678297, 2058.8279760214664, 0, 3963.941472177963, 0, 0, 0], "(4, 6, 2, 3)": [5198.858530460794, 0, 0, 0, 1649.8174398875449, 0, 0], "(4, 5, 2, 3)": [3458.91222008451, 0, 0, 0, 0, 1780.4986649999998, 0], "(4, 4, 2, 3)": [2190.897374572121, 0, 0, 0, 0, 0, 0], "(4, 3, 2, 3)": [1339.8244637511186, 0, 0, 0, 0, 0, 0], "(4, 2, 2, 3)": [647.4018863616997, 0, 0, 0, 0, 0, 0], "(4, 1, 2, 3)": [0, 0, 0, 0, 0, 0, 0], "(3, 8, 1, 3)": [16889.31284017553, 0, 0, 0, 0, 0, 0], "(3, 7, 1, 3)": [5143.621146660229, 0, 0, 0, 0, 0, 0], "(3, 6, 1, 3)": [0, 4336.152527315549, 0, 0, 0, 0, 0], "(3, 5, 1, 3)": [3319.3605258079797, 0, 0, 0, 0, 0, 0], "(3, 4, 1, 3)": [1698.6614246521237, 0, 0, 0, 0, 0, 0], "(3, 3, 1, 3)": [430.0351621456116, 0, 0, 0, 0, 0, 0], "(3, 2, 1, 3)": [0, 0, 0, 0, 0, 0, 0], "(3, 1, 1, 3)": [0, 0, 0, 0, 0, 0, 0], "(4, 4, 1, 3)": [2161.9164340387133, 0, 0, 0, 0, 0, 0], "(4, 3, 1, 3)": [1225.8569426593933, 0, 0, 0, 0, 0, 521.7042312829926], "(4, 2, 1, 3)": [583.2991177210641, 0, 0, 0, 0, 0, 0], "(4, 1, 1, 3)": [99.48842869281191, 0, 0, 0, 0, 0, 0], "(4, 5, 1, 3)": [4715.741818805155, 0, 1186.0531552116447, 0, 0, 841.5857766600027, 0], "(4, 8, 3, 3)": [32729.33394176096, 32121.43578499982, 139396.4197913579, 33970.710399814925, 35460.33383369461, 35348.43611070951, 31114.748034895725], "(3, 8, 2, 3)": [12256.014509430017, 0, 15805.172735951048, 0, 0, 0, 0], "(4, 7, 1, 3)": [6918.224891428305, 0, 3486.3928991589405, 3050.3956840592396, 0, 0, 2068.6048409114233], "(4, 6, 1, 3)": [4152.851057032057, 0, 0, 1484.4152549404755, 0, 0, 1227.332806514052], "(4, 7, 3, 3)": [5862.9409234883715, 0, 0, 0, 0, 0, 0], "(4, 6, 3, 3)": [4115.824443698812, 0, 0, 0, 0, 0, 0], "(4, 5, 3, 3)": [1886.5684934145652, 0, 0, 0, 0, 0, 0], "(4, 4, 3, 3)": [0, 0, 0, 0, 0, 0, 0], "(4, 3, 3, 3)": [0, 0, 0, 0, 0, 0, 0], "(4, 2, 3, 3)": [0, 0, 0, 0, 0, 0, 0], "(4, 1, 3, 3)": [0, 0, 0, 0, 0, 0, 0], "(4, 8, 1, 3)": [21600.4890080753, 11123.74361902555, 12479.191702369328, 5914.903499999999, 43503.9064606467, 7463.320187135675, 13817.042152736618], "(4, 5, 4, 3)": [0, 0, 0, 0, 0, 0, 0], "(4, 4, 4, 3)": [0, 0, 0, 0, 0, 0, 0], "(4, 3, 4, 3)": [0, 0, 0, 0, 0, 0, 0], "(4, 2, 4, 3)": [0, 0, 0, 0, 0, 0, 0], "(4, 1, 4, 3)": [0, 0, 0, 0, 0, 0, 0], "(3, 7, 2, 3)": [5905.217344481009, 0, 0, 0, 0, 0, 0], "(4, 8, 4, 3)": [35973.522162907735, 45056.32706104634, 45744.472601097375, 43382.97442472282, 47302.3933461433, 143390.20030179957, 48827.29861758411], "(4, 8, 5, 3)": [424698.97117464204, 108892.96172498414, 65153.193119840915, 118179.49949016365, 77526.0043910155, 110230.4920773795, 109087.3272059738], "(4, 7, 5, 3)": [0, 0, 0, 0, 0, 0, 0], "(4, 6, 5, 3)": [0, 0, 0, 0, 0, 0, 0], "(4, 5, 5, 3)": [0, 0, 0, 0, 0, 0, 0], "(4, 4, 5, 3)": [0, 0, 0, 0, 0, 0, 0], "(4, 3, 5, 3)": [0, 0, 0, 0, 0, 0, 0], "(4, 2, 5, 3)": [0, 0, 0, 0, 0, 0, 0], "(4, 1, 5, 3)": [0, 0, 0, 0, 0, 0, 0], "(4, 7, 4, 3)": [2554.2263900490916, 0, 0, 0, 0, 0, 0], "(4, 6, 4, 3)": [0, 0, 0, 0, 0, 0, 0], "(4, 8, 5, 4)": [1255842.8063986066, 380555.47796685493, 374487.18922180386, 301608.15840354364, 341215.98096117144, 552455.9229829261, 459096.52939605084], "(4, 8, 4, 4)": [95033.7181237951, 94940.10822037466, 0, 272144.2502847087, 0, 108636.17752057065, 86678.47844843807], "(4, 8, 3, 4)": [108588.61871927867, 0, 250183.57415733562, 0, 98374.994094435, 0, 99837.12747402219], "(4, 8, 5, 5)": [1991096.2258705061, 547892.3353765946, 735183.4951333296, 592117.1689854708, 411998.257537785, 737144.8547904829, 800633.7833471675],