{"(1, 1, 1)": [48.983440743629814, 34.63255575642058, 29.2809168285688, 29.813822739123033], "(1, 2, 1)": [85.7106657864892, 58.291232544521066, 55.726992134886466, 60.03781584913086], "(2, 1, 1)": [80.7041561682758, 68.70613860785588, 58.63943516481222, 53.3760863929757], "(2, 2, 1)": [102.88753701273907, 51.03924459591918, 61.97536672769275, 41.15319142576959], "(1, 3, 1)": [88.07427533620113, 25.578211606876287, 43.283029838729036, 27.16918631072621], "(2, 3, 1)": [95.04430319877955, 34.316600728270416, 61.86237946720476, 33.227656292881164], "(1, 4, 1)": [75.71064959337112, 6.595827670789926, 18.044224578036676, 11.239009173412281], "(3, 3, 1)": [5.266107375536031, 2.7571073755360302, 45.994155561464844, 0], "(2, 4, 1)": [73.87397872255671, 13.035288176483585, 8.732921785047507, 4.31538998755435], "(3, 3, 2)": [51.813626142086065, 0, 6.000569938762864, 11.578847831319948], "(3, 4, 1)": [16.258094502218945, 0, 0, 0], "(2, 4, 2)": [66.93217570065289, 13.896097528215133, 4.011090224840163, 26.085973600870233], "(2, 5, 1)": [0, 43.81384892667716, 0, 0], "(1, 5, 1)": [59.5640958124799, 9.613418283069077, 12.628539556506938, 0], "(1, 4, 2)": [45.21579691668997, 2.9775245100000003, 0, 3.740043358583206], "(3, 4, 2)": [56.920208037804386, 13.5220674354191, 6.275987704267148, 9.223710725781281], "(2, 5, 2)": [7.383479322591762, 63.86636587574068, 0, 4.165479322591762], "(1, 5, 2)": [85.22568398641623, 37.12354194379228, 15.782536041371388, 20.458359863880936], "(3, 5, 1)": [53.6306497380898, 0, 0, 0], "(3, 5, 2)": [75.3765479577792, 26.495584363801644, 31.90610551362544, 25.11640790049791], "(2, 5, 3)": [83.19865398526244, 0, 0, 0], "(3, 5, 3)": [103.73757560275956, 35.02447383893801, 32.133685915564364, 45.61101778115778], "(4, 5, 4)": [135.18252819014558, 10.170000000000002, 14.221972199378868, 9.333828720958586], "(4, 5, 3)": [22.96264221850884, 34.52655964942771, 17.3456033, 93.41381079213748], "(4, 5, 2)": [62.162520074971184, 23.847291872000003, 8.189962310000002, 9.5693], "(4, 5, 1)": [9.859569, 0, 0, 0], "(3, 5, 5)": [451.11199501769687, 440.89879761431416, 461.06967230018597, 429.35215881165095], "(3, 5, 4)": [112.76147979913773, 30.01660563235214, 54.38258613551314, 57.97658028461774], "(4, 5, 5)": [3680629.623453544, 3678410.8290235484, 3679037.5183019745, 3677582.230217862], "(2, 3, 2)": [89.50831165143879, 0, 31.18738811997094, 0], "(2, 5, 4)": [15.901363367640752, 0, 0, 0], "(1, 5, 3)": [85.9804260898109, 8.176981981181205, 16.967016659236002, 0], "(1, 5, 4)": [54.65077496317231, 0, 0, 0], "(1, 5, 5)": [0, 39.95025743778863, 0, 0], "(2, 5, 5)": [784.8503334269511, 62.69819226712625, 153.65764847111444, 116.74276706577776], "(3, 3, 3)": [67.49180937792563, 0, 0, 0], "(3, 1, 1)": [54.72017961621168, 8.075584422412769, 7.450126038725555, 9.298600665721775], "(3, 2, 1)": [63.71058477511511, 9.730843857778828, 15.786383256320573, 3.7424582732558975], "(4, 3, 1)": [9.742909010940002, 1.9800000000000002, 0, 0], "(3, 4, 3)": [36.66796282778043, 0, 0, 0], "(4, 4, 1)": [9.307992299, 0, 0, 0], "(4, 3, 2)": [3.37370011, 0, 0, 0], "(4, 4, 2)": [4.76736121, 0, 0, 0], "(2, 4, 3)": [5.952262368457937, 0, 0, 0], "(1, 1, 2)": [3.6306989320074856, 0, 0, 0], "(4, 2, 1)": [3.0177060000000004, 0, 0, 0], "(4, 4, 3)": [6.44736121, 0, 0, 0], "(2, 3, 3)": [7.862168084243379, 0, 0, 0], "(4, 3, 3)": [6.11736121, 0, 0, 0], "(3, 2, 2)": [6.570377778314986, 0, 0, 0]}